1,PF215784,http://www.kopis.or.kr/upload/pfmIntroImage/PF_PF215784_230328_0239240.jpg
2,PF215593,http://www.kopis.or.kr/upload/pfmIntroImage/PF_PF215593_230324_1228580.jpg
3,PF215333,http://www.kopis.or.kr/upload/pfmIntroImage/PF_PF215333_230320_0421050.jpg
4,PF215170,http://www.kopis.or.kr/upload/pfmIntroImage/PF_PF215170_230317_1027510.jpg
5,PF215389,http://www.kopis.or.kr/upload/pfmIntroImage/PF_PF215389_230321_1239110.jpg
6,PF215387,http://www.kopis.or.kr/upload/pfmIntroImage/PF_PF215387_230321_1230040.jpg
7,PF215257,http://www.kopis.or.kr/upload/pfmIntroImage/PF_PF215257_230320_1045300.jpg
8,PF215381,http://www.kopis.or.kr/upload/pfmIntroImage/PF_PF215381_230321_1109070.jpg
9,PF215326,http://www.kopis.or.kr/upload/pfmIntroImage/PF_PF215326_230320_0409150.jpg
10,PF215011,http://www.kopis.or.kr/upload/pfmIntroImage/PF_PF215011_230315_1220251.jpg
11,PF215011,http://www.kopis.or.kr/upload/pfmIntroImage/PF_PF215011_230315_1220250.jpg
12,PF215707,http://www.kopis.or.kr/upload/pfmIntroImage/PF_PF215707_230327_0301580.jpg
13,PF215323,http://www.kopis.or.kr/upload/pfmIntroImage/PF_PF215323_230320_0405580.jpg
14,PF215384,http://www.kopis.or.kr/upload/pfmIntroImage/PF_PF215384_230321_1115310.jpg
15,PF214918,http://www.kopis.or.kr/upload/pfmIntroImage/PF_PF214918_230314_1001310.jpg
16,PF213560,http://www.kopis.or.kr/upload/pfmIntroImage/PF_PF213560_230217_1244561.png
17,PF213560,http://www.kopis.or.kr/upload/pfmIntroImage/PF_PF213560_230217_1244560.png
18,PF215652,http://www.kopis.or.kr/upload/pfmIntroImage/PF_PF215652_230327_1103150.jpg
19,PF215328,http://www.kopis.or.kr/upload/pfmIntroImage/PF_PF215328_230320_0413340.jpg
20,PF214917,http://www.kopis.or.kr/upload/pfmIntroImage/PF_PF214917_230314_0959180.jpg
21,PF215123,http://www.kopis.or.kr/upload/pfmIntroImage/PF_PF215123_230316_0238460.jpg
22,PF214798,http://www.kopis.or.kr/upload/pfmIntroImage/PF_PF214798_230310_0338160.jpg
23,PF214176,http://www.kopis.or.kr/upload/pfmIntroImage/PF_PF214176_230228_0217270.jpg
24,PF215546,http://www.kopis.or.kr/upload/pfmIntroImage/PF_PF215546_230323_0112460.jpg
25,PF213821,http://www.kopis.or.kr/upload/pfmIntroImage/PF_PF213821_230223_1022460.jpg
26,PF213270,http://www.kopis.or.kr/upload/pfmIntroImage/PF_PF213270_230213_0303571.jpg
27,PF213270,http://www.kopis.or.kr/upload/pfmIntroImage/PF_PF213270_230213_0303570.jpg
28,PF214343,http://www.kopis.or.kr/upload/pfmIntroImage/PF_PF214343_230303_0228500.jpg
29,PF214825,http://www.kopis.or.kr/upload/pfmIntroImage/PF_PF214825_230313_1102110.jpg
30,PF213778,http://www.kopis.or.kr/upload/pfmIntroImage/PF_PF213778_230222_1252320.jpg
31,PF213776,http://www.kopis.or.kr/upload/pfmIntroImage/PF_PF213776_230222_1248290.jpg
32,PF214921,http://www.kopis.or.kr/upload/pfmIntroImage/PF_PF214921_230314_1008140.jpg
33,PF214646,http://www.kopis.or.kr/upload/pfmIntroImage/PF_PF214646_230309_1050203.jpg
34,PF214646,http://www.kopis.or.kr/upload/pfmIntroImage/PF_PF214646_230309_1050202.jpg
35,PF214646,http://www.kopis.or.kr/upload/pfmIntroImage/PF_PF214646_230309_1050201.jpg
36,PF214646,http://www.kopis.or.kr/upload/pfmIntroImage/PF_PF214646_230309_1050200.jpg
37,PF214167,http://www.kopis.or.kr/upload/pfmIntroImage/PF_PF214167_230228_0203360.jpg
38,PF215006,http://www.kopis.or.kr/upload/pfmIntroImage/PF_PF215006_230315_1109132.jpg
39,PF215006,http://www.kopis.or.kr/upload/pfmIntroImage/PF_PF215006_230315_1109131.jpg
40,PF215006,http://www.kopis.or.kr/upload/pfmIntroImage/PF_PF215006_230315_1109130.jpg
41,PF214919,http://www.kopis.or.kr/upload/pfmIntroImage/PF_PF214919_230314_1003480.jpg
42,PF215464,http://www.kopis.or.kr/upload/pfmIntroImage/PF_PF215464_230322_0245340.jpg
43,PF214396,http://www.kopis.or.kr/upload/pfmIntroImage/PF_PF214396_230321_0423421.jpg
44,PF215004,http://www.kopis.or.kr/upload/pfmIntroImage/PF_PF215004_230315_1107092.jpg
45,PF215004,http://www.kopis.or.kr/upload/pfmIntroImage/PF_PF215004_230315_1107091.jpg
46,PF215004,http://www.kopis.or.kr/upload/pfmIntroImage/PF_PF215004_230315_1107090.jpg
47,PF214924,http://www.kopis.or.kr/upload/pfmIntroImage/PF_PF214924_230314_1019280.png
48,PF214940,http://www.kopis.or.kr/upload/pfmIntroImage/PF_PF214940_230314_1107220.jpg
49,PF214878,http://www.kopis.or.kr/upload/pfmIntroImage/PF_PF214878_230313_0302470.jpg
50,PF214935,http://www.kopis.or.kr/upload/pfmIntroImage/PF_PF214935_230314_1048070.jpg
51,PF214925,http://www.kopis.or.kr/upload/pfmIntroImage/PF_PF214925_230314_1021470.jpg
52,PF214026,http://www.kopis.or.kr/upload/pfmIntroImage/PF_PF214026_230227_1125200.jpg
53,PF214883,http://www.kopis.or.kr/upload/pfmIntroImage/PF_PF214883_230313_0333350.jpg
54,PF214923,http://www.kopis.or.kr/upload/pfmIntroImage/PF_PF214923_230314_1015080.png
55,PF214922,http://www.kopis.or.kr/upload/pfmIntroImage/PF_PF214922_230314_1013210.png
56,PF214177,http://www.kopis.or.kr/upload/pfmIntroImage/PF_PF214177_230228_0220530.jpg
57,PF214920,http://www.kopis.or.kr/upload/pfmIntroImage/PF_PF214920_230314_1005540.jpg
58,PF204080,http://www.kopis.or.kr/upload/pfmIntroImage/PF_PF204080_221213_1006301.jpg
59,PF204080,http://www.kopis.or.kr/upload/pfmIntroImage/PF_PF204080_221213_1006300.jpg
60,PF213740,http://www.kopis.or.kr/upload/pfmIntroImage/PF_PF213740_230222_1149140.jpg
61,PF204120,http://www.kopis.or.kr/upload/pfmIntroImage/PF_PF204120_221213_0102481.jpg
62,PF204120,http://www.kopis.or.kr/upload/pfmIntroImage/PF_PF204120_221213_0102480.jpg
63,PF214385,http://www.kopis.or.kr/upload/pfmIntroImage/PF_PF214385_230306_1056560.jpg
64,PF204090,http://www.kopis.or.kr/upload/pfmIntroImage/PF_PF204090_221213_1028051.jpg
65,PF204090,http://www.kopis.or.kr/upload/pfmIntroImage/PF_PF204090_221213_1028050.jpg
66,PF213735,http://www.kopis.or.kr/upload/pfmIntroImage/PF_PF213735_230222_1144440.jpg
67,PF204097,http://www.kopis.or.kr/upload/pfmIntroImage/PF_PF204097_221213_1045521.jpg
68,PF204097,http://www.kopis.or.kr/upload/pfmIntroImage/PF_PF204097_221213_1045520.jpg
69,PF214689,http://www.kopis.or.kr/upload/pfmIntroImage/PF_PF214689_230310_1026020.jpg
70,PF215077,http://www.kopis.or.kr/upload/pfmIntroImage/PF_PF215077_230316_1039390.jpg
71,PF215251,http://www.kopis.or.kr/upload/pfmIntroImage/PF_PF215251_230320_1035422.jpg
72,PF215251,http://www.kopis.or.kr/upload/pfmIntroImage/PF_PF215251_230320_1035421.jpg
73,PF215251,http://www.kopis.or.kr/upload/pfmIntroImage/PF_PF215251_230320_1035420.jpg
74,PF204137,http://www.kopis.or.kr/upload/pfmIntroImage/PF_PF204137_221213_0239212.jpg
75,PF204137,http://www.kopis.or.kr/upload/pfmIntroImage/PF_PF204137_221213_0234280.jpg
76,PF214173,http://www.kopis.or.kr/upload/pfmIntroImage/PF_PF214173_230228_0214280.jpg
77,PF213739,http://www.kopis.or.kr/upload/pfmIntroImage/PF_PF213739_230222_1147510.jpg
78,PF204089,http://www.kopis.or.kr/upload/pfmIntroImage/PF_PF204089_221213_1026131.jpg
79,PF204089,http://www.kopis.or.kr/upload/pfmIntroImage/PF_PF204089_221213_1026130.jpg
80,PF204101,http://www.kopis.or.kr/upload/pfmIntroImage/PF_PF204101_221213_1058221.jpg
81,PF204101,http://www.kopis.or.kr/upload/pfmIntroImage/PF_PF204101_221213_1058220.jpg
82,PF204104,http://www.kopis.or.kr/upload/pfmIntroImage/PF_PF204104_221213_1107041.jpg
83,PF204104,http://www.kopis.or.kr/upload/pfmIntroImage/PF_PF204104_221213_1107040.jpg
84,PF213818,http://www.kopis.or.kr/upload/pfmIntroImage/PF_PF213818_230223_1018040.jpg
85,PF214292,http://www.kopis.or.kr/upload/pfmIntroImage/PF_PF214292_230303_1015100.png
86,PF214290,http://www.kopis.or.kr/upload/pfmIntroImage/PF_PF214290_230303_1010480.png
87,PF204109,http://www.kopis.or.kr/upload/pfmIntroImage/PF_PF204109_221213_1120071.jpg
88,PF204109,http://www.kopis.or.kr/upload/pfmIntroImage/PF_PF204109_221213_1120070.jpg
89,PF213736,http://www.kopis.or.kr/upload/pfmIntroImage/PF_PF213736_230222_1146250.jpg
90,PF214916,http://www.kopis.or.kr/upload/pfmIntroImage/PF_PF214916_230314_0957120.jpg
91,PF214639,http://www.kopis.or.kr/upload/pfmIntroImage/PF_PF214639_230309_1026021.jpg
92,PF214639,http://www.kopis.or.kr/upload/pfmIntroImage/PF_PF214639_230309_1026020.png
93,PF214838,http://www.kopis.or.kr/upload/pfmIntroImage/PF_PF214838_230313_1127500.jpg
94,PF213792,http://www.kopis.or.kr/upload/pfmIntroImage/PF_PF213792_230222_0130261.jpg
95,PF213792,http://www.kopis.or.kr/upload/pfmIntroImage/PF_PF213792_230222_0130260.jpg
96,PF204123,http://www.kopis.or.kr/upload/pfmIntroImage/PF_PF204123_221213_0107301.jpg
97,PF204123,http://www.kopis.or.kr/upload/pfmIntroImage/PF_PF204123_221213_0107300.jpg
98,PF204125,http://www.kopis.or.kr/upload/pfmIntroImage/PF_PF204125_221213_0112391.jpg
99,PF204125,http://www.kopis.or.kr/upload/pfmIntroImage/PF_PF204125_221213_0112390.jpg
100,PF204150,http://www.kopis.or.kr/upload/pfmIntroImage/PF_PF204150_221213_0347591.jpg
101,PF204150,http://www.kopis.or.kr/upload/pfmIntroImage/PF_PF204150_221213_0347590.jpg
102,PF214735,http://www.kopis.or.kr/upload/pfmIntroImage/PF_PF214735_230310_1239140.jpg
103,PF214401,http://www.kopis.or.kr/upload/pfmIntroImage/PF_PF214401_230306_1148491.jpg
104,PF214401,http://www.kopis.or.kr/upload/pfmIntroImage/PF_PF214401_230306_1148490.png
105,PF204099,http://www.kopis.or.kr/upload/pfmIntroImage/PF_PF204099_221213_1054351.jpg
106,PF204099,http://www.kopis.or.kr/upload/pfmIntroImage/PF_PF204099_221213_1054350.jpg
107,PF214802,http://www.kopis.or.kr/upload/pfmIntroImage/PF_PF214802_230313_0956070.jpg
108,PF204103,http://www.kopis.or.kr/upload/pfmIntroImage/PF_PF204103_221213_1103511.jpg
109,PF204103,http://www.kopis.or.kr/upload/pfmIntroImage/PF_PF204103_221213_1103510.jpg
110,PF214801,http://www.kopis.or.kr/upload/pfmIntroImage/PF_PF214801_230313_0954320.jpg
111,PF204081,http://www.kopis.or.kr/upload/pfmIntroImage/PF_PF204081_221213_1008421.jpg
112,PF204081,http://www.kopis.or.kr/upload/pfmIntroImage/PF_PF204081_221213_1008420.jpg
113,PF214209,http://www.kopis.or.kr/upload/pfmIntroImage/PF_PF214209_230302_1044030.jpg
114,PF204078,http://www.kopis.or.kr/upload/pfmIntroImage/PF_PF204078_221213_0958151.jpg
115,PF204078,http://www.kopis.or.kr/upload/pfmIntroImage/PF_PF204078_221213_0958150.jpg
116,PF213054,http://www.kopis.or.kr/upload/pfmIntroImage/PF_PF213054_230209_1012171.jpg
117,PF213054,http://www.kopis.or.kr/upload/pfmIntroImage/PF_PF213054_230209_1012170.jpg
118,PF204119,http://www.kopis.or.kr/upload/pfmIntroImage/PF_PF204119_221213_0155192.jpg
119,PF204119,http://www.kopis.or.kr/upload/pfmIntroImage/PF_PF204119_221213_1251490.jpg
120,PF214804,http://www.kopis.or.kr/upload/pfmIntroImage/PF_PF214804_230313_1000390.jpg
121,PF204077,http://www.kopis.or.kr/upload/pfmIntroImage/PF_PF204077_221213_0955051.jpg
122,PF204077,http://www.kopis.or.kr/upload/pfmIntroImage/PF_PF204077_221213_0955050.jpg
123,PF215209,http://www.kopis.or.kr/upload/pfmIntroImage/PF_PF215209_230317_1253320.jpg
124,PF204082,http://www.kopis.or.kr/upload/pfmIntroImage/PF_PF204082_221213_1011541.jpg
125,PF204082,http://www.kopis.or.kr/upload/pfmIntroImage/PF_PF204082_221213_1011540.jpg
126,PF214805,http://www.kopis.or.kr/upload/pfmIntroImage/PF_PF214805_230313_1002150.jpg
127,PF213902,http://www.kopis.or.kr/upload/pfmIntroImage/PF_PF213902_230224_1110000.jpg
128,PF214293,http://www.kopis.or.kr/upload/pfmIntroImage/PF_PF214293_230303_1017290.png
129,PF214291,http://www.kopis.or.kr/upload/pfmIntroImage/PF_PF214291_230303_1013040.png
130,PF214727,http://www.kopis.or.kr/upload/pfmIntroImage/PF_PF214727_230310_1223300.jpg
131,PF213882,http://www.kopis.or.kr/upload/pfmIntroImage/PF_PF213882_230224_1001510.jpg
132,PF214027,http://www.kopis.or.kr/upload/pfmIntroImage/PF_PF214027_230227_1127180.jpg
133,PF214021,http://www.kopis.or.kr/upload/pfmIntroImage/PF_PF214021_230227_1102281.jpg
134,PF214021,http://www.kopis.or.kr/upload/pfmIntroImage/PF_PF214021_230227_1102280.png
135,PF214987,http://www.kopis.or.kr/upload/pfmIntroImage/PF_PF214987_230315_1042590.jpg
136,PF212867,http://www.kopis.or.kr/upload/pfmIntroImage/PF_PF212867_230208_0203180.jpg
137,PF214734,http://www.kopis.or.kr/upload/pfmIntroImage/PF_PF214734_230310_1237590.jpg
138,PF214220,http://www.kopis.or.kr/upload/pfmIntroImage/PF_PF214220_230302_1117150.jpg
139,PF213187,http://www.kopis.or.kr/upload/pfmIntroImage/PF_PF213187_230213_1046541.jpg
140,PF213187,http://www.kopis.or.kr/upload/pfmIntroImage/PF_PF213187_230213_1046540.jpg
141,PF214731,http://www.kopis.or.kr/upload/pfmIntroImage/PF_PF214731_230310_1230000.jpg
142,PF213229,http://www.kopis.or.kr/upload/pfmIntroImage/PF_PF213229_230213_1224101.jpg
143,PF213229,http://www.kopis.or.kr/upload/pfmIntroImage/PF_PF213229_230213_1224100.jpg
144,PF214978,http://www.kopis.or.kr/upload/pfmIntroImage/PF_PF214978_230315_1008421.jpg
145,PF214978,http://www.kopis.or.kr/upload/pfmIntroImage/PF_PF214978_230315_1008420.jpg
146,PF213398,http://www.kopis.or.kr/upload/pfmIntroImage/PF_PF213398_230215_0149344.jpg
147,PF213398,http://www.kopis.or.kr/upload/pfmIntroImage/PF_PF213398_230215_0149343.jpg
148,PF213398,http://www.kopis.or.kr/upload/pfmIntroImage/PF_PF213398_230215_0149342.jpg
149,PF213398,http://www.kopis.or.kr/upload/pfmIntroImage/PF_PF213398_230215_0149341.jpg
150,PF213398,http://www.kopis.or.kr/upload/pfmIntroImage/PF_PF213398_230215_0149340.jpg
151,PF214377,http://www.kopis.or.kr/upload/pfmIntroImage/PF_PF214377_230306_1031290.jpg
152,PF212865,http://www.kopis.or.kr/upload/pfmIntroImage/PF_PF212865_230208_0204580.jpg
153,PF213347,http://www.kopis.or.kr/upload/pfmIntroImage/PF_PF213347_230215_1125061.jpg
154,PF213347,http://www.kopis.or.kr/upload/pfmIntroImage/PF_PF213347_230215_1125060.jpg
155,PF212864,http://www.kopis.or.kr/upload/pfmIntroImage/PF_PF212864_230208_0150010.jpg
156,PF213396,http://www.kopis.or.kr/upload/pfmIntroImage/PF_PF213396_230215_0142474.jpg
157,PF213396,http://www.kopis.or.kr/upload/pfmIntroImage/PF_PF213396_230215_0142473.jpg
158,PF213396,http://www.kopis.or.kr/upload/pfmIntroImage/PF_PF213396_230215_0142472.jpg
159,PF213396,http://www.kopis.or.kr/upload/pfmIntroImage/PF_PF213396_230215_0142471.jpg
160,PF213396,http://www.kopis.or.kr/upload/pfmIntroImage/PF_PF213396_230215_0142470.jpg
161,PF213104,http://www.kopis.or.kr/upload/pfmIntroImage/PF_PF213104_230209_0352470.jpg
162,PF212664,http://www.kopis.or.kr/upload/pfmIntroImage/PF_PF212664_230206_1111091.jpg
163,PF212664,http://www.kopis.or.kr/upload/pfmIntroImage/PF_PF212664_230206_1111090.jpg
164,PF213105,http://www.kopis.or.kr/upload/pfmIntroImage/PF_PF213105_230209_0355580.jpg
165,PF213367,http://www.kopis.or.kr/upload/pfmIntroImage/PF_PF213367_230215_1212171.jpg
166,PF213367,http://www.kopis.or.kr/upload/pfmIntroImage/PF_PF213367_230215_1212170.jpg
167,PF213630,http://www.kopis.or.kr/upload/pfmIntroImage/PF_PF213630_230220_0131100.jpg
168,PF212646,http://www.kopis.or.kr/upload/pfmIntroImage/PF_PF212646_230206_1001070.jpg
169,PF213599,http://www.kopis.or.kr/upload/pfmIntroImage/PF_PF213599_230220_1030080.jpg
170,PF212863,http://www.kopis.or.kr/upload/pfmIntroImage/PF_PF212863_230208_0147560.jpg
171,PF213199,http://www.kopis.or.kr/upload/pfmIntroImage/PF_PF213199_230213_1117161.jpg
172,PF213199,http://www.kopis.or.kr/upload/pfmIntroImage/PF_PF213199_230213_1117160.jpg
173,PF214896,http://www.kopis.or.kr/upload/pfmIntroImage/PF_PF214896_230313_0432191.jpg
174,PF212813,http://www.kopis.or.kr/upload/pfmIntroImage/PF_PF212813_230217_0357500.jpg
175,PF213318,http://www.kopis.or.kr/upload/pfmIntroImage/PF_PF213318_230214_0323270.jpg
176,PF214464,http://www.kopis.or.kr/upload/pfmIntroImage/PF_PF214464_230306_0354430.jpg
177,PF213184,http://www.kopis.or.kr/upload/pfmIntroImage/PF_PF213184_230213_1038164.jpg
178,PF213184,http://www.kopis.or.kr/upload/pfmIntroImage/PF_PF213184_230213_1038163.jpg
179,PF213184,http://www.kopis.or.kr/upload/pfmIntroImage/PF_PF213184_230213_1038162.jpg
180,PF213184,http://www.kopis.or.kr/upload/pfmIntroImage/PF_PF213184_230213_1038161.jpg
181,PF213184,http://www.kopis.or.kr/upload/pfmIntroImage/PF_PF213184_230213_1038160.jpg
182,PF214208,http://www.kopis.or.kr/upload/pfmIntroImage/PF_PF214208_230302_1041330.jpg
183,PF213271,http://www.kopis.or.kr/upload/pfmIntroImage/PF_PF213271_230213_0315160.jpg
184,PF212745,http://www.kopis.or.kr/upload/pfmIntroImage/PF_PF212745_230207_1037001.jpg
185,PF212745,http://www.kopis.or.kr/upload/pfmIntroImage/PF_PF212745_230207_1037000.jpg
186,PF214463,http://www.kopis.or.kr/upload/pfmIntroImage/PF_PF214463_230306_0352553.jpg
187,PF214463,http://www.kopis.or.kr/upload/pfmIntroImage/PF_PF214463_230306_0352552.jpg
188,PF214463,http://www.kopis.or.kr/upload/pfmIntroImage/PF_PF214463_230306_0352551.jpg
189,PF214463,http://www.kopis.or.kr/upload/pfmIntroImage/PF_PF214463_230306_0352550.jpg
190,PF214023,http://www.kopis.or.kr/upload/pfmIntroImage/PF_PF214023_230227_1117530.jpg
191,PF214022,http://www.kopis.or.kr/upload/pfmIntroImage/PF_PF214022_230227_1114510.jpg
192,PF213191,http://www.kopis.or.kr/upload/pfmIntroImage/PF_PF213191_230213_1056040.jpg
193,PF213600,http://www.kopis.or.kr/upload/pfmIntroImage/PF_PF213600_230220_1031530.jpg
194,PF212699,http://www.kopis.or.kr/upload/pfmIntroImage/PF_PF212699_230206_0333430.jpg
195,PF214025,http://www.kopis.or.kr/upload/pfmIntroImage/PF_PF214025_230227_1121420.jpg
196,PF212591,http://www.kopis.or.kr/upload/pfmIntroImage/PF_PF212591_230203_1040511.jpg
197,PF212591,http://www.kopis.or.kr/upload/pfmIntroImage/PF_PF212591_230203_1040510.jpg
198,PF212599,http://www.kopis.or.kr/upload/pfmIntroImage/PF_PF212599_230203_1110061.jpg
199,PF212599,http://www.kopis.or.kr/upload/pfmIntroImage/PF_PF212599_230203_1110060.jpg
200,PF214024,http://www.kopis.or.kr/upload/pfmIntroImage/PF_PF214024_230227_1119580.jpg
201,PF212639,http://www.kopis.or.kr/upload/pfmIntroImage/PF_PF212639_230203_0227141.jpg
202,PF212639,http://www.kopis.or.kr/upload/pfmIntroImage/PF_PF212639_230203_0227140.jpg
203,PF214502,http://www.kopis.or.kr/upload/pfmIntroImage/PF_PF214502_230307_1057431.jpg
204,PF214502,http://www.kopis.or.kr/upload/pfmIntroImage/PF_PF214502_230307_1057430.jpg
205,PF212666,http://www.kopis.or.kr/upload/pfmIntroImage/PF_PF212666_230206_1116560.jpg
206,PF212573,http://www.kopis.or.kr/upload/pfmIntroImage/PF_PF212573_230206_0122441.jpg
207,PF212573,http://www.kopis.or.kr/upload/pfmIntroImage/PF_PF212573_230206_0122440.jpg
208,PF213660,http://www.kopis.or.kr/upload/pfmIntroImage/PF_PF213660_230220_0313084.jpg
209,PF213660,http://www.kopis.or.kr/upload/pfmIntroImage/PF_PF213660_230220_0313083.jpg
210,PF213660,http://www.kopis.or.kr/upload/pfmIntroImage/PF_PF213660_230220_0313082.jpg
211,PF213660,http://www.kopis.or.kr/upload/pfmIntroImage/PF_PF213660_230220_0313081.jpg
212,PF213660,http://www.kopis.or.kr/upload/pfmIntroImage/PF_PF213660_230220_0313080.jpg
213,PF211443,http://www.kopis.or.kr/upload/pfmIntroImage/PF_PF211443_230126_0302410.jpg
214,PF211631,http://www.kopis.or.kr/upload/pfmIntroImage/PF_PF211631_230131_0204180.jpg
215,PF212595,http://www.kopis.or.kr/upload/pfmIntroImage/PF_PF212595_230203_1054351.jpg
216,PF212595,http://www.kopis.or.kr/upload/pfmIntroImage/PF_PF212595_230203_1054350.jpg
217,PF213130,http://www.kopis.or.kr/upload/pfmIntroImage/PF_PF213130_230210_1044341.jpg
218,PF213130,http://www.kopis.or.kr/upload/pfmIntroImage/PF_PF213130_230210_1044340.jpg
219,PF209460,http://www.kopis.or.kr/upload/pfmIntroImage/PF_PF209460_230109_1012420.jpg
220,PF209971,http://www.kopis.or.kr/upload/pfmIntroImage/PF_PF209971_230118_0113000.jpg
221,PF213207,http://www.kopis.or.kr/upload/pfmIntroImage/PF_PF213207_230213_1141250.jpg
222,PF209972,http://www.kopis.or.kr/upload/pfmIntroImage/PF_PF209972_230118_0125380.jpg
223,PF213354,http://www.kopis.or.kr/upload/pfmIntroImage/PF_PF213354_230215_1138543.jpg
224,PF213354,http://www.kopis.or.kr/upload/pfmIntroImage/PF_PF213354_230215_1138542.jpg
225,PF213354,http://www.kopis.or.kr/upload/pfmIntroImage/PF_PF213354_230215_1138531.jpg
226,PF213354,http://www.kopis.or.kr/upload/pfmIntroImage/PF_PF213354_230215_1138530.jpg
227,PF212704,http://www.kopis.or.kr/upload/pfmIntroImage/PF_PF212704_230206_0348380.jpg
228,PF212586,http://www.kopis.or.kr/upload/pfmIntroImage/PF_PF212586_230203_1012491.jpg
229,PF212586,http://www.kopis.or.kr/upload/pfmIntroImage/PF_PF212586_230203_1012490.jpg
230,PF212597,http://www.kopis.or.kr/upload/pfmIntroImage/PF_PF212597_230203_1059071.jpg
231,PF212597,http://www.kopis.or.kr/upload/pfmIntroImage/PF_PF212597_230203_1059070.jpg
232,PF201765,http://www.kopis.or.kr/upload/pfmIntroImage/PF_PF201765_221109_1107550.jpg
233,PF213667,http://www.kopis.or.kr/upload/pfmIntroImage/PF_PF213667_230220_0346061.jpg
234,PF213667,http://www.kopis.or.kr/upload/pfmIntroImage/PF_PF213667_230220_0346060.jpg
235,PF210080,http://www.kopis.or.kr/upload/pfmIntroImage/PF_PF210080_230120_1022420.jpg
236,PF211627,http://www.kopis.or.kr/upload/pfmIntroImage/PF_PF211627_230131_0143470.jpg
237,PF211573,http://www.kopis.or.kr/upload/pfmIntroImage/PF_PF211573_230130_0144380.jpg
238,PF213111,http://www.kopis.or.kr/upload/pfmIntroImage/PF_PF213111_230209_0535360.jpg
239,PF212550,http://www.kopis.or.kr/upload/pfmIntroImage/PF_PF212550_230202_0125240.jpg
240,PF209459,http://www.kopis.or.kr/upload/pfmIntroImage/PF_PF209459_230109_1010150.jpg
241,PF212624,http://www.kopis.or.kr/upload/pfmIntroImage/PF_PF212624_230203_0133520.jpg
242,PF212624,http://www.kopis.or.kr/upload/pfmIntroImage/PF_PF212624_230203_0135492.jpg
243,PF212589,http://www.kopis.or.kr/upload/pfmIntroImage/PF_PF212589_230203_1032221.jpg
244,PF212589,http://www.kopis.or.kr/upload/pfmIntroImage/PF_PF212589_230203_1032220.jpg
245,PF209946,http://www.kopis.or.kr/upload/pfmIntroImage/PF_PF209946_230118_1113320.jpg
246,PF209458,http://www.kopis.or.kr/upload/pfmIntroImage/PF_PF209458_230109_1007220.jpg
247,PF204177,http://www.kopis.or.kr/upload/pfmIntroImage/PF_PF204177_221214_1042060.jpg
248,PF209876,http://www.kopis.or.kr/upload/pfmIntroImage/PF_PF209876_230117_1202220.jpg
249,PF209806,http://www.kopis.or.kr/upload/pfmIntroImage/PF_PF209806_230116_1202470.jpg
250,PF209950,http://www.kopis.or.kr/upload/pfmIntroImage/PF_PF209950_230118_1120060.jpg
251,PF209757,http://www.kopis.or.kr/upload/pfmIntroImage/PF_PF209757_230113_0212060.jpg
252,PF210108,http://www.kopis.or.kr/upload/pfmIntroImage/PF_PF210108_230120_1154153.jpg
253,PF210108,http://www.kopis.or.kr/upload/pfmIntroImage/PF_PF210108_230120_1154152.jpg
254,PF210108,http://www.kopis.or.kr/upload/pfmIntroImage/PF_PF210108_230120_1154151.jpg
255,PF210108,http://www.kopis.or.kr/upload/pfmIntroImage/PF_PF210108_230120_1154150.jpg
256,PF210081,http://www.kopis.or.kr/upload/pfmIntroImage/PF_PF210081_230120_1025080.jpg
257,PF209816,http://www.kopis.or.kr/upload/pfmIntroImage/PF_PF209816_230116_1240560.jpg
258,PF210265,http://www.kopis.or.kr/upload/pfmIntroImage/PF_PF210265_230125_0343550.jpg
259,PF210264,http://www.kopis.or.kr/upload/pfmIntroImage/PF_PF210264_230125_0342340.jpg
260,PF210262,http://www.kopis.or.kr/upload/pfmIntroImage/PF_PF210262_230125_0340460.jpg
261,PF209801,http://www.kopis.or.kr/upload/pfmIntroImage/PF_PF209801_230116_1149450.jpg
262,PF204917,http://www.kopis.or.kr/upload/pfmIntroImage/PF_PF204917_221229_1113210.png
263,PF204178,http://www.kopis.or.kr/upload/pfmIntroImage/PF_PF204178_221214_1044470.jpg
264,PF206178,http://www.kopis.or.kr/upload/pfmIntroImage/PF_PF206178_230105_1004430.jpg
265,PF209889,http://www.kopis.or.kr/upload/pfmIntroImage/PF_PF209889_230117_1257420.jpg
266,PF209776,http://www.kopis.or.kr/upload/pfmIntroImage/PF_PF209776_230116_1035031.jpg
267,PF209776,http://www.kopis.or.kr/upload/pfmIntroImage/PF_PF209776_230116_1035030.jpg
268,PF209780,http://www.kopis.or.kr/upload/pfmIntroImage/PF_PF209780_230116_1045420.jpg
269,PF209635,http://www.kopis.or.kr/upload/pfmIntroImage/PF_PF209635_230111_0138280.jpg
270,PF204813,http://www.kopis.or.kr/upload/pfmIntroImage/PF_PF204813_221227_1201360.jpg
271,PF206150,http://www.kopis.or.kr/upload/pfmIntroImage/PF_PF206150_230104_0235310.jpg
272,PF209754,http://www.kopis.or.kr/upload/pfmIntroImage/PF_PF209754_230113_0152230.jpg
273,PF203306,http://www.kopis.or.kr/upload/pfmIntroImage/PF_PF203306_221130_0951140.jpg
274,PF209637,http://www.kopis.or.kr/upload/pfmIntroImage/PF_PF209637_230111_0143230.jpg
275,PF203302,http://www.kopis.or.kr/upload/pfmIntroImage/PF_PF203302_221130_0941090.jpg
276,PF209592,http://www.kopis.or.kr/upload/pfmIntroImage/PF_PF209592_230111_1033000.jpg
277,PF204765,http://www.kopis.or.kr/upload/pfmIntroImage/PF_PF204765_221226_1228113.jpg
278,PF204765,http://www.kopis.or.kr/upload/pfmIntroImage/PF_PF204765_221226_1228112.jpg
279,PF204765,http://www.kopis.or.kr/upload/pfmIntroImage/PF_PF204765_221226_1228111.jpg
280,PF204765,http://www.kopis.or.kr/upload/pfmIntroImage/PF_PF204765_221226_1228110.jpg
281,PF204765,http://www.kopis.or.kr/upload/pfmIntroImage/PF_PF204765_221226_1234418.jpg
282,PF204381,http://www.kopis.or.kr/upload/pfmIntroImage/PF_PF204381_221219_1020280.jpg
283,PF204680,http://www.kopis.or.kr/upload/pfmIntroImage/PF_PF204680_221223_1012490.jpg
284,PF203977,http://www.kopis.or.kr/upload/pfmIntroImage/PF_PF203977_221212_1046040.jpg
285,PF203303,http://www.kopis.or.kr/upload/pfmIntroImage/PF_PF203303_221130_0943070.jpg
286,PF203307,http://www.kopis.or.kr/upload/pfmIntroImage/PF_PF203307_221130_0955530.jpg
287,PF204969,http://www.kopis.or.kr/upload/pfmIntroImage/PF_PF204969_221230_1235410.jpg
288,PF204681,http://www.kopis.or.kr/upload/pfmIntroImage/PF_PF204681_221223_1018060.jpg
289,PF203419,http://www.kopis.or.kr/upload/pfmIntroImage/PF_PF203419_221202_0929440.jpg
290,PF202222,http://www.kopis.or.kr/upload/pfmIntroImage/PF_PF202222_221116_0947420.jpg
291,PF204676,http://www.kopis.or.kr/upload/pfmIntroImage/PF_PF204676_221223_1000310.jpg
292,PF203305,http://www.kopis.or.kr/upload/pfmIntroImage/PF_PF203305_221130_0949130.jpg
293,PF204677,http://www.kopis.or.kr/upload/pfmIntroImage/PF_PF204677_221223_1002400.jpg
294,PF202958,http://www.kopis.or.kr/upload/pfmIntroImage/PF_PF202958_221124_0306281.jpg
295,PF202958,http://www.kopis.or.kr/upload/pfmIntroImage/PF_PF202958_221124_0306280.jpg
296,PF202220,http://www.kopis.or.kr/upload/pfmIntroImage/PF_PF202220_221116_0941500.jpg
297,PF203304,http://www.kopis.or.kr/upload/pfmIntroImage/PF_PF203304_221130_0947190.jpg
298,PF203418,http://www.kopis.or.kr/upload/pfmIntroImage/PF_PF203418_221202_0926490.jpg
299,PF203301,http://www.kopis.or.kr/upload/pfmIntroImage/PF_PF203301_221130_0939220.jpg
300,PF204678,http://www.kopis.or.kr/upload/pfmIntroImage/PF_PF204678_221223_1010190.jpg
301,PF203931,http://www.kopis.or.kr/upload/pfmIntroImage/PF_PF203931_221209_0142110.jpg
302,PF202528,http://www.kopis.or.kr/upload/pfmIntroImage/PF_PF202528_221121_0938270.jpg
303,PF202529,http://www.kopis.or.kr/upload/pfmIntroImage/PF_PF202529_221121_0940080.jpg
304,PF202221,http://www.kopis.or.kr/upload/pfmIntroImage/PF_PF202221_221116_0944020.jpg
305,PF201002,http://www.kopis.or.kr/upload/pfmIntroImage/PF_PF201002_221028_0139540.jpg
306,PF202387,http://www.kopis.or.kr/upload/pfmIntroImage/PF_PF202387_221117_0238220.jpg
307,PF202224,http://www.kopis.or.kr/upload/pfmIntroImage/PF_PF202224_221116_0951070.jpg
308,PF204686,http://www.kopis.or.kr/upload/pfmIntroImage/PF_PF204686_221223_1036000.PNG
309,PF204169,http://www.kopis.or.kr/upload/pfmIntroImage/PF_PF204169_221214_1021580.jpg
310,PF203940,http://www.kopis.or.kr/upload/pfmIntroImage/PF_PF203940_221209_0156270.jpg
311,PF204618,http://www.kopis.or.kr/upload/pfmIntroImage/PF_PF204618_221222_0955580.jpg
312,PF203427,http://www.kopis.or.kr/upload/pfmIntroImage/PF_PF203427_221202_1009341.jpg
313,PF203427,http://www.kopis.or.kr/upload/pfmIntroImage/PF_PF203427_221202_1009340.jpg
314,PF203902,http://www.kopis.or.kr/upload/pfmIntroImage/PF_PF203902_221209_1012530.jpg
315,PF203426,http://www.kopis.or.kr/upload/pfmIntroImage/PF_PF203426_221202_1007481.jpg
316,PF203426,http://www.kopis.or.kr/upload/pfmIntroImage/PF_PF203426_221202_1007480.jpg
317,PF203246,http://www.kopis.or.kr/upload/pfmIntroImage/PF_PF203246_221129_0203390.jpg
318,PF204491,http://www.kopis.or.kr/upload/pfmIntroImage/PF_PF204491_221220_1019260.jpg
319,PF203575,http://www.kopis.or.kr/upload/pfmIntroImage/PF_PF203575_221205_0408230.jpg
320,PF204213,http://www.kopis.or.kr/upload/pfmIntroImage/PF_PF204213_221214_1230170.jpg
321,PF204210,http://www.kopis.or.kr/upload/pfmIntroImage/PF_PF204210_221214_1226350.jpg
322,PF202731,http://www.kopis.or.kr/upload/pfmIntroImage/PF_PF202731_221122_0106160.jpg
323,PF203023,http://www.kopis.or.kr/upload/pfmIntroImage/PF_PF203023_221125_1252390.jpg
324,PF204170,http://www.kopis.or.kr/upload/pfmIntroImage/PF_PF204170_221214_1024170.jpg
325,PF203943,http://www.kopis.or.kr/upload/pfmIntroImage/PF_PF203943_221209_0208020.jpg
326,PF202472,http://www.kopis.or.kr/upload/pfmIntroImage/PF_PF202472_221118_0107100.jpg
327,PF202108,http://www.kopis.or.kr/upload/pfmIntroImage/PF_PF202108_221114_0428470.jpg
328,PF203944,http://www.kopis.or.kr/upload/pfmIntroImage/PF_PF203944_221209_0212580.jpg
329,PF202527,http://www.kopis.or.kr/upload/pfmIntroImage/PF_PF202527_221121_0936530.jpg
330,PF202526,http://www.kopis.or.kr/upload/pfmIntroImage/PF_PF202526_221121_0935040.jpg
331,PF204258,http://www.kopis.or.kr/upload/pfmIntroImage/PF_PF204258_221215_1035050.jpg
332,PF203122,http://www.kopis.or.kr/upload/pfmIntroImage/PF_PF203122_221128_0235400.jpg
333,PF204085,http://www.kopis.or.kr/upload/pfmIntroImage/PF_PF204085_221213_1019120.jpg
334,PF202525,http://www.kopis.or.kr/upload/pfmIntroImage/PF_PF202525_221121_0933000.jpg
335,PF203942,http://www.kopis.or.kr/upload/pfmIntroImage/PF_PF203942_221209_0203500.jpg
336,PF204433,http://www.kopis.or.kr/upload/pfmIntroImage/PF_PF204433_221219_0202090.jpg
337,PF204290,http://www.kopis.or.kr/upload/pfmIntroImage/PF_PF204290_221215_0159160.jpg
338,PF203024,http://www.kopis.or.kr/upload/pfmIntroImage/PF_PF203024_221125_0104500.jpg
339,PF194711,http://www.kopis.or.kr/upload/pfmIntroImage/PF_PF194711_220715_0147360.jpg
340,PF203572,http://www.kopis.or.kr/upload/pfmIntroImage/PF_PF203572_221205_0235570.jpg
341,PF203121,http://www.kopis.or.kr/upload/pfmIntroImage/PF_PF203121_221128_0222140.jpg
342,PF198950,http://www.kopis.or.kr/upload/pfmIntroImage/PF_PF198950_220928_1024450.jpg
343,PF203455,http://www.kopis.or.kr/upload/pfmIntroImage/PF_PF203455_221202_1127090.jpg
344,PF203899,http://www.kopis.or.kr/upload/pfmIntroImage/PF_PF203899_221209_1004500.jpg
345,PF203970,http://www.kopis.or.kr/upload/pfmIntroImage/PF_PF203970_221212_1023270.png
346,PF194650,http://www.kopis.or.kr/upload/pfmIntroImage/PF_PF194650_220715_1007471.jpg
347,PF194650,http://www.kopis.or.kr/upload/pfmIntroImage/PF_PF194650_220715_1007470.jpg
348,PF203900,http://www.kopis.or.kr/upload/pfmIntroImage/PF_PF203900_221209_1007040.jpg
349,PF189437,http://www.kopis.or.kr/upload/pfmIntroImage/PF_PF189437_220413_1201311.jpg
350,PF189437,http://www.kopis.or.kr/upload/pfmIntroImage/PF_PF189437_220413_1201310.jpg
351,PF199423,http://www.kopis.or.kr/upload/pfmIntroImage/PF_PF199423_221005_1247570.jpg
352,PF203877,http://www.kopis.or.kr/upload/pfmIntroImage/PF_PF203877_221208_0254080.jpg
353,PF203774,http://www.kopis.or.kr/upload/pfmIntroImage/PF_PF203774_221207_0336450.jpg
354,PF202330,http://www.kopis.or.kr/upload/pfmIntroImage/PF_PF202330_221116_0353260.jpg
355,PF194659,http://www.kopis.or.kr/upload/pfmIntroImage/PF_PF194659_220715_1035131.jpg
356,PF194659,http://www.kopis.or.kr/upload/pfmIntroImage/PF_PF194659_220715_1035130.jpg
357,PF199700,http://www.kopis.or.kr/upload/pfmIntroImage/PF_PF199700_221011_1207230.jpg
358,PF201297,http://www.kopis.or.kr/upload/pfmIntroImage/PF_PF201297_221114_0557491.jpg
359,PF203535,http://www.kopis.or.kr/upload/pfmIntroImage/PF_PF203535_221205_1034042.jpg
360,PF203535,http://www.kopis.or.kr/upload/pfmIntroImage/PF_PF203535_221205_1034041.jpg
361,PF203535,http://www.kopis.or.kr/upload/pfmIntroImage/PF_PF203535_221205_1034040.jpg
362,PF202941,http://www.kopis.or.kr/upload/pfmIntroImage/PF_PF202941_221124_0216510.jpg
363,PF202331,http://www.kopis.or.kr/upload/pfmIntroImage/PF_PF202331_221116_0357420.jpg
364,PF202633,http://www.kopis.or.kr/upload/pfmIntroImage/PF_PF202633_221121_0342150.jpg
365,PF202386,http://www.kopis.or.kr/upload/pfmIntroImage/PF_PF202386_221117_0234260.jpg
366,PF202077,http://www.kopis.or.kr/upload/pfmIntroImage/PF_PF202077_221114_0156280.jpg
367,PF202545,http://www.kopis.or.kr/upload/pfmIntroImage/PF_PF202545_221121_1026040.jpg
368,PF202557,http://www.kopis.or.kr/upload/pfmIntroImage/PF_PF202557_221121_1051020.jpg
369,PF201994,http://www.kopis.or.kr/upload/pfmIntroImage/PF_PF201994_221111_0345103.jpg
370,PF201994,http://www.kopis.or.kr/upload/pfmIntroImage/PF_PF201994_221111_0345102.jpg
371,PF201994,http://www.kopis.or.kr/upload/pfmIntroImage/PF_PF201994_221111_0345101.jpg
372,PF201994,http://www.kopis.or.kr/upload/pfmIntroImage/PF_PF201994_221111_0345100.jpg
373,PF194646,http://www.kopis.or.kr/upload/pfmIntroImage/PF_PF194646_220715_0954511.jpg
374,PF194646,http://www.kopis.or.kr/upload/pfmIntroImage/PF_PF194646_220715_0954510.jpg
375,PF194679,http://www.kopis.or.kr/upload/pfmIntroImage/PF_PF194679_220715_1142492.png
376,PF194679,http://www.kopis.or.kr/upload/pfmIntroImage/PF_PF194679_220715_1142491.png
377,PF194679,http://www.kopis.or.kr/upload/pfmIntroImage/PF_PF194679_220715_1142490.png
378,PF199890,http://www.kopis.or.kr/upload/pfmIntroImage/PF_PF199890_221012_0235210.jpg
379,PF198926,http://www.kopis.or.kr/upload/pfmIntroImage/PF_PF198926_220928_0924430.jpg
380,PF202670,http://www.kopis.or.kr/upload/pfmIntroImage/PF_PF202670_221122_0938110.jpg
381,PF202451,http://www.kopis.or.kr/upload/pfmIntroImage/PF_PF202451_221118_1050430.jpg
382,PF200479,http://www.kopis.or.kr/upload/pfmIntroImage/PF_PF200479_221021_0933080.jpg
383,PF202332,http://www.kopis.or.kr/upload/pfmIntroImage/PF_PF202332_221116_0400530.jpg
384,PF200235,http://www.kopis.or.kr/upload/pfmIntroImage/PF_PF200235_221018_0959330.jpg
385,PF201987,http://www.kopis.or.kr/upload/pfmIntroImage/PF_PF201987_221111_0308180.jpg
386,PF200710,http://www.kopis.or.kr/upload/pfmIntroImage/PF_PF200710_221109_0314121.jpg
387,PF202610,http://www.kopis.or.kr/upload/pfmIntroImage/PF_PF202610_221121_0233060.jpg
388,PF199194,http://www.kopis.or.kr/upload/pfmIntroImage/PF_PF199194_220930_0203330.jpg
389,PF202559,http://www.kopis.or.kr/upload/pfmIntroImage/PF_PF202559_221121_1055541.jpg
390,PF202559,http://www.kopis.or.kr/upload/pfmIntroImage/PF_PF202559_221121_1055540.jpg
391,PF200685,http://www.kopis.or.kr/upload/pfmIntroImage/PF_PF200685_221024_0359070.jpg
392,PF200708,http://www.kopis.or.kr/upload/pfmIntroImage/PF_PF200708_221109_0313141.jpg
393,PF199297,http://www.kopis.or.kr/upload/pfmIntroImage/PF_PF199297_221004_0322230.jpg
394,PF201826,http://www.kopis.or.kr/upload/pfmIntroImage/PF_PF201826_221110_0945480.jpg
395,PF203038,http://www.kopis.or.kr/upload/pfmIntroImage/PF_PF203038_221125_0206200.jpg
396,PF200712,http://www.kopis.or.kr/upload/pfmIntroImage/PF_PF200712_221109_0315121.jpg
397,PF194669,http://www.kopis.or.kr/upload/pfmIntroImage/PF_PF194669_220715_1059261.jpg
398,PF194669,http://www.kopis.or.kr/upload/pfmIntroImage/PF_PF194669_220715_1059260.jpg
399,PF201593,http://www.kopis.or.kr/upload/pfmIntroImage/PF_PF201593_221107_0320120.jpg
400,PF202310,http://www.kopis.or.kr/upload/pfmIntroImage/PF_PF202310_221116_0303540.jpg
401,PF202555,http://www.kopis.or.kr/upload/pfmIntroImage/PF_PF202555_221121_1047160.jpg
402,PF201509,http://www.kopis.or.kr/upload/pfmIntroImage/PF_PF201509_221104_0300180.jpg
403,PF200709,http://www.kopis.or.kr/upload/pfmIntroImage/PF_PF200709_221109_0313411.jpg
404,PF202056,http://www.kopis.or.kr/upload/pfmIntroImage/PF_PF202056_221114_1051520.jpg
405,PF200711,http://www.kopis.or.kr/upload/pfmIntroImage/PF_PF200711_221109_0314471.jpg
406,PF202194,http://www.kopis.or.kr/upload/pfmIntroImage/PF_PF202194_221115_0134120.jpg
407,PF200816,http://www.kopis.or.kr/upload/pfmIntroImage/PF_PF200816_221026_1120160.jpg
408,PF200471,http://www.kopis.or.kr/upload/pfmIntroImage/PF_PF200471_221020_0450270.jpg
409,PF201071,http://www.kopis.or.kr/upload/pfmIntroImage/PF_PF201071_221028_0345570.jpg
410,PF201628,http://www.kopis.or.kr/upload/pfmIntroImage/PF_PF201628_221107_0503400.jpg
411,PF201782,http://www.kopis.or.kr/upload/pfmIntroImage/PF_PF201782_221109_0100490.jpg
412,PF198033,http://www.kopis.or.kr/upload/pfmIntroImage/PF_PF198033_220913_0446560.jpg
413,PF196677,http://www.kopis.or.kr/upload/pfmIntroImage/PF_PF196677_220908_1042361.jpg
414,PF202471,http://www.kopis.or.kr/upload/pfmIntroImage/PF_PF202471_221118_0121072.jpg
415,PF202471,http://www.kopis.or.kr/upload/pfmIntroImage/PF_PF202471_221118_0121071.jpg
416,PF200562,http://www.kopis.or.kr/upload/pfmIntroImage/PF_PF200562_221021_1256000.jpg
417,PF202095,http://www.kopis.or.kr/upload/pfmIntroImage/PF_PF202095_221114_0342053.jpg
418,PF202095,http://www.kopis.or.kr/upload/pfmIntroImage/PF_PF202095_221114_0342052.jpg
419,PF202095,http://www.kopis.or.kr/upload/pfmIntroImage/PF_PF202095_221114_0342051.jpg
420,PF202095,http://www.kopis.or.kr/upload/pfmIntroImage/PF_PF202095_221114_0342050.jpg
421,PF202270,http://www.kopis.or.kr/upload/pfmIntroImage/PF_PF202270_221116_1149100.jpg
422,PF202091,http://www.kopis.or.kr/upload/pfmIntroImage/PF_PF202091_221114_0328581.png
423,PF202091,http://www.kopis.or.kr/upload/pfmIntroImage/PF_PF202091_221114_0328580.png
424,PF200918,http://www.kopis.or.kr/upload/pfmIntroImage/PF_PF200918_221027_1124050.jpg
425,PF200510,http://www.kopis.or.kr/upload/pfmIntroImage/PF_PF200510_221021_1111220.jpg
426,PF197896,http://www.kopis.or.kr/upload/pfmIntroImage/PF_PF197896_220913_0851360.jpg
427,PF199137,http://www.kopis.or.kr/upload/pfmIntroImage/PF_PF199137_220930_1042140.jpg
428,PF200974,http://www.kopis.or.kr/upload/pfmIntroImage/PF_PF200974_221027_0223120.jpg
429,PF189434,http://www.kopis.or.kr/upload/pfmIntroImage/PF_PF189434_220413_1157050.jpg
430,PF189434,http://www.kopis.or.kr/upload/pfmIntroImage/PF_PF189434_220413_1157051.jpg
431,PF200559,http://www.kopis.or.kr/upload/pfmIntroImage/PF_PF200559_221021_1252590.jpg
432,PF202088,http://www.kopis.or.kr/upload/pfmIntroImage/PF_PF202088_221114_0321433.jpg
433,PF202088,http://www.kopis.or.kr/upload/pfmIntroImage/PF_PF202088_221114_0321432.jpg
434,PF202088,http://www.kopis.or.kr/upload/pfmIntroImage/PF_PF202088_221114_0321431.jpg
435,PF202088,http://www.kopis.or.kr/upload/pfmIntroImage/PF_PF202088_221114_0321430.jpg
436,PF200153,http://www.kopis.or.kr/upload/pfmIntroImage/PF_PF200153_221017_0235591.jpg
437,PF200153,http://www.kopis.or.kr/upload/pfmIntroImage/PF_PF200153_221017_0235590.jpg
438,PF198419,http://www.kopis.or.kr/upload/pfmIntroImage/PF_PF198419_220920_1110024.jpg
439,PF198419,http://www.kopis.or.kr/upload/pfmIntroImage/PF_PF198419_220920_1110023.jpg
440,PF198419,http://www.kopis.or.kr/upload/pfmIntroImage/PF_PF198419_220920_1110022.jpg
441,PF198419,http://www.kopis.or.kr/upload/pfmIntroImage/PF_PF198419_220920_1110021.jpg
442,PF198419,http://www.kopis.or.kr/upload/pfmIntroImage/PF_PF198419_220920_1110020.jpg
443,PF194677,http://www.kopis.or.kr/upload/pfmIntroImage/PF_PF194677_220715_1137420.jpg
444,PF202385,http://www.kopis.or.kr/upload/pfmIntroImage/PF_PF202385_221117_0230280.jpg
445,PF200707,http://www.kopis.or.kr/upload/pfmIntroImage/PF_PF200707_221109_0312471.jpg
446,PF200557,http://www.kopis.or.kr/upload/pfmIntroImage/PF_PF200557_221021_1247590.jpg
447,PF202464,http://www.kopis.or.kr/upload/pfmIntroImage/PF_PF202464_221118_1227190.jpg
448,PF191629,http://www.kopis.or.kr/upload/pfmIntroImage/PF_PF191629_220622_0126191.jpg
449,PF201026,http://www.kopis.or.kr/upload/pfmIntroImage/PF_PF201026_221028_0500400.PNG
450,PF199888,http://www.kopis.or.kr/upload/pfmIntroImage/PF_PF199888_221012_0207540.jpg
451,PF198036,http://www.kopis.or.kr/upload/pfmIntroImage/PF_PF198036_220913_0450530.jpg
452,PF200671,http://www.kopis.or.kr/upload/pfmIntroImage/PF_PF200671_221024_0327230.jpg
453,PF197895,http://www.kopis.or.kr/upload/pfmIntroImage/PF_PF197895_220913_0849230.jpg
454,PF202054,http://www.kopis.or.kr/upload/pfmIntroImage/PF_PF202054_221114_1047340.jpg
455,PF201319,http://www.kopis.or.kr/upload/pfmIntroImage/PF_PF201319_221102_0145270.jpg
456,PF200691,http://www.kopis.or.kr/upload/pfmIntroImage/PF_PF200691_221024_0413170.jpg
457,PF201990,http://www.kopis.or.kr/upload/pfmIntroImage/PF_PF201990_221111_0325510.jpg
458,PF198929,http://www.kopis.or.kr/upload/pfmIntroImage/PF_PF198929_220928_0932070.jpg
459,PF200555,http://www.kopis.or.kr/upload/pfmIntroImage/PF_PF200555_221021_1245140.jpg
460,PF200638,http://www.kopis.or.kr/upload/pfmIntroImage/PF_PF200638_221024_0152420.png
461,PF201552,http://www.kopis.or.kr/upload/pfmIntroImage/PF_PF201552_221107_0115253.jpg
462,PF201552,http://www.kopis.or.kr/upload/pfmIntroImage/PF_PF201552_221107_0115252.jpg
463,PF201552,http://www.kopis.or.kr/upload/pfmIntroImage/PF_PF201552_221107_0115251.jpg
464,PF201552,http://www.kopis.or.kr/upload/pfmIntroImage/PF_PF201552_221107_0115250.jpg
465,PF201739,http://www.kopis.or.kr/upload/pfmIntroImage/PF_PF201739_221109_1000463.jpg
466,PF201739,http://www.kopis.or.kr/upload/pfmIntroImage/PF_PF201739_221109_1000462.jpg
467,PF201739,http://www.kopis.or.kr/upload/pfmIntroImage/PF_PF201739_221109_1000461.jpg
468,PF201739,http://www.kopis.or.kr/upload/pfmIntroImage/PF_PF201739_221109_1000460.jpg
469,PF201559,http://www.kopis.or.kr/upload/pfmIntroImage/PF_PF201559_221107_0130332.jpg
470,PF201559,http://www.kopis.or.kr/upload/pfmIntroImage/PF_PF201559_221107_0130331.jpg
471,PF201559,http://www.kopis.or.kr/upload/pfmIntroImage/PF_PF201559_221107_0130330.jpg
472,PF193252,http://www.kopis.or.kr/upload/pfmIntroImage/PF_PF193252_220622_1040250.jpg
473,PF193252,http://www.kopis.or.kr/upload/pfmIntroImage/PF_PF193252_220804_0129143.jpg
474,PF200601,http://www.kopis.or.kr/upload/pfmIntroImage/PF_PF200601_221024_1104570.jpg
475,PF200046,http://www.kopis.or.kr/upload/pfmIntroImage/PF_PF200046_221014_0201380.jpg
476,PF201210,http://www.kopis.or.kr/upload/pfmIntroImage/PF_PF201210_221101_1041150.jpg
477,PF189350,http://www.kopis.or.kr/upload/pfmIntroImage/PF_PF189350_220413_0936131.jpg
478,PF189350,http://www.kopis.or.kr/upload/pfmIntroImage/PF_PF189350_220413_0936130.jpg
479,PF201458,http://www.kopis.or.kr/upload/pfmIntroImage/PF_PF201458_221104_1030080.jpg
480,PF200540,http://www.kopis.or.kr/upload/pfmIntroImage/PF_PF200540_221021_1214350.jpg
481,PF199759,http://www.kopis.or.kr/upload/pfmIntroImage/PF_PF199759_221019_1019161.jpg
482,PF201204,http://www.kopis.or.kr/upload/pfmIntroImage/PF_PF201204_221101_1017583.jpg
483,PF201204,http://www.kopis.or.kr/upload/pfmIntroImage/PF_PF201204_221101_1017582.jpg
484,PF201204,http://www.kopis.or.kr/upload/pfmIntroImage/PF_PF201204_221101_1017581.jpg
485,PF201204,http://www.kopis.or.kr/upload/pfmIntroImage/PF_PF201204_221101_1017570.jpg
486,PF200371,http://www.kopis.or.kr/upload/pfmIntroImage/PF_PF200371_221019_0201580.jpg
487,PF200426,http://www.kopis.or.kr/upload/pfmIntroImage/PF_PF200426_221020_1128450.jpg
488,PF199682,http://www.kopis.or.kr/upload/pfmIntroImage/PF_PF199682_221011_1122230.jpg
489,PF201656,http://www.kopis.or.kr/upload/pfmIntroImage/PF_PF201656_221108_1145030.jpg
490,PF201514,http://www.kopis.or.kr/upload/pfmIntroImage/PF_PF201514_221104_0320351.jpg
491,PF201514,http://www.kopis.or.kr/upload/pfmIntroImage/PF_PF201514_221104_0320350.jpg
492,PF199889,http://www.kopis.or.kr/upload/pfmIntroImage/PF_PF199889_221012_0227160.jpg
493,PF199112,http://www.kopis.or.kr/upload/pfmIntroImage/PF_PF199112_221005_0526191.jpg
494,PF199112,http://www.kopis.or.kr/upload/pfmIntroImage/PF_PF199112_221005_0526190.jpg
495,PF200553,http://www.kopis.or.kr/upload/pfmIntroImage/PF_PF200553_221021_1242170.jpg
496,PF200599,http://www.kopis.or.kr/upload/pfmIntroImage/PF_PF200599_221024_1059210.jpg
497,PF201929,http://www.kopis.or.kr/upload/pfmIntroImage/PF_PF201929_221111_1028450.png
498,PF199115,http://www.kopis.or.kr/upload/pfmIntroImage/PF_PF199115_221005_0527150.jpg
499,PF194660,http://www.kopis.or.kr/upload/pfmIntroImage/PF_PF194660_220715_1037361.jpg
500,PF194660,http://www.kopis.or.kr/upload/pfmIntroImage/PF_PF194660_220715_1037360.jpg
501,PF198744,http://www.kopis.or.kr/upload/pfmIntroImage/PF_PF198744_220926_1134510.jpg
502,PF200542,http://www.kopis.or.kr/upload/pfmIntroImage/PF_PF200542_221021_1217370.png
503,PF200446,http://www.kopis.or.kr/upload/pfmIntroImage/PF_PF200446_221020_0138223.jpg
504,PF200446,http://www.kopis.or.kr/upload/pfmIntroImage/PF_PF200446_221020_0138222.jpg
505,PF200446,http://www.kopis.or.kr/upload/pfmIntroImage/PF_PF200446_221020_0138221.jpg
506,PF200446,http://www.kopis.or.kr/upload/pfmIntroImage/PF_PF200446_221020_0138220.jpg
507,PF198927,http://www.kopis.or.kr/upload/pfmIntroImage/PF_PF198927_220928_0927350.jpg
508,PF199113,http://www.kopis.or.kr/upload/pfmIntroImage/PF_PF199113_221005_0525110.jpg
509,PF200789,http://www.kopis.or.kr/upload/pfmIntroImage/PF_PF200789_221026_1013592.jpg
510,PF200789,http://www.kopis.or.kr/upload/pfmIntroImage/PF_PF200789_221026_1013591.jpg
511,PF200789,http://www.kopis.or.kr/upload/pfmIntroImage/PF_PF200789_221026_1013590.jpg
512,PF200508,http://www.kopis.or.kr/upload/pfmIntroImage/PF_PF200508_221021_1049400.jpg
513,PF200181,http://www.kopis.or.kr/upload/pfmIntroImage/PF_PF200181_221017_0324280.jpg
514,PF199116,http://www.kopis.or.kr/upload/pfmIntroImage/PF_PF199116_221005_0527580.jpg
515,PF201582,http://www.kopis.or.kr/upload/pfmIntroImage/PF_PF201582_221107_0255590.jpg
516,PF200533,http://www.kopis.or.kr/upload/pfmIntroImage/PF_PF200533_221021_1152280.jpg
517,PF200442,http://www.kopis.or.kr/upload/pfmIntroImage/PF_PF200442_221020_0124270.jpg
518,PF200635,http://www.kopis.or.kr/upload/pfmIntroImage/PF_PF200635_221024_0139184.jpg
519,PF200635,http://www.kopis.or.kr/upload/pfmIntroImage/PF_PF200635_221024_0139183.jpg
520,PF200635,http://www.kopis.or.kr/upload/pfmIntroImage/PF_PF200635_221024_0139182.jpg
521,PF200635,http://www.kopis.or.kr/upload/pfmIntroImage/PF_PF200635_221024_0139181.jpg
522,PF200635,http://www.kopis.or.kr/upload/pfmIntroImage/PF_PF200635_221024_0139180.jpg
523,PF201236,http://www.kopis.or.kr/upload/pfmIntroImage/PF_PF201236_221101_0132251.jpg
524,PF201236,http://www.kopis.or.kr/upload/pfmIntroImage/PF_PF201236_221101_0132250.jpg
525,PF199755,http://www.kopis.or.kr/upload/pfmIntroImage/PF_PF199755_221019_1019461.jpg
526,PF200069,http://www.kopis.or.kr/upload/pfmIntroImage/PF_PF200069_221017_0937080.jpg
527,PF200893,http://www.kopis.or.kr/upload/pfmIntroImage/PF_PF200893_221027_1022350.jpg
528,PF201339,http://www.kopis.or.kr/upload/pfmIntroImage/PF_PF201339_221102_0251580.jpg
529,PF199659,http://www.kopis.or.kr/upload/pfmIntroImage/PF_PF199659_221019_1020281.jpg
530,PF199122,http://www.kopis.or.kr/upload/pfmIntroImage/PF_PF199122_220930_0953520.jpg
531,PF200892,http://www.kopis.or.kr/upload/pfmIntroImage/PF_PF200892_221027_1021230.jpg
532,PF200565,http://www.kopis.or.kr/upload/pfmIntroImage/PF_PF200565_221021_0104060.jpg
533,PF200167,http://www.kopis.or.kr/upload/pfmIntroImage/PF_PF200167_221017_0304490.jpg
534,PF199861,http://www.kopis.or.kr/upload/pfmIntroImage/PF_PF199861_221019_1018291.jpg
535,PF199853,http://www.kopis.or.kr/upload/pfmIntroImage/PF_PF199853_221019_1017551.jpg
536,PF200071,http://www.kopis.or.kr/upload/pfmIntroImage/PF_PF200071_221017_0942000.jpg
537,PF200543,http://www.kopis.or.kr/upload/pfmIntroImage/PF_PF200543_221021_1219400.jpg
538,PF194394,http://www.kopis.or.kr/upload/pfmIntroImage/PF_PF194394_220711_0123230.jpg
539,PF200223,http://www.kopis.or.kr/upload/pfmIntroImage/PF_PF200223_221017_0430430.jpg
540,PF200648,http://www.kopis.or.kr/upload/pfmIntroImage/PF_PF200648_221024_0223060.jpg
541,PF201299,http://www.kopis.or.kr/upload/pfmIntroImage/PF_PF201299_221102_1214140.png
542,PF200227,http://www.kopis.or.kr/upload/pfmIntroImage/PF_PF200227_221017_0501011.jpg
543,PF200005,http://www.kopis.or.kr/upload/pfmIntroImage/PF_PF200005_221014_1022550.jpg
544,PF199847,http://www.kopis.or.kr/upload/pfmIntroImage/PF_PF199847_221019_1017231.jpg
545,PF199711,http://www.kopis.or.kr/upload/pfmIntroImage/PF_PF199711_221011_0134160.jpg
546,PF200644,http://www.kopis.or.kr/upload/pfmIntroImage/PF_PF200644_221024_0214591.jpg
547,PF200644,http://www.kopis.or.kr/upload/pfmIntroImage/PF_PF200644_221024_0214590.jpg
548,PF199778,http://www.kopis.or.kr/upload/pfmIntroImage/PF_PF199778_221019_1018531.jpg
549,PF201139,http://www.kopis.or.kr/upload/pfmIntroImage/PF_PF201139_221031_0141080.jpg
550,PF200591,http://www.kopis.or.kr/upload/pfmIntroImage/PF_PF200591_221024_1038300.jpg
551,PF199742,http://www.kopis.or.kr/upload/pfmIntroImage/PF_PF199742_221019_1020061.jpg
552,PF200225,http://www.kopis.or.kr/upload/pfmIntroImage/PF_PF200225_221017_0452310.jpg
553,PF200810,http://www.kopis.or.kr/upload/pfmIntroImage/PF_PF200810_221026_1053110.jpg
554,PF200070,http://www.kopis.or.kr/upload/pfmIntroImage/PF_PF200070_221017_0940070.jpg
555,PF196651,http://www.kopis.or.kr/upload/pfmIntroImage/PF_PF196651_220819_0118550.jpg
556,PF200204,http://www.kopis.or.kr/upload/pfmIntroImage/PF_PF200204_221017_0353071.jpg
557,PF200204,http://www.kopis.or.kr/upload/pfmIntroImage/PF_PF200204_221017_0353070.png
558,PF200669,http://www.kopis.or.kr/upload/pfmIntroImage/PF_PF200669_221024_0319210.png
559,PF197992,http://www.kopis.or.kr/upload/pfmIntroImage/PF_PF197992_220913_0254340.jpg
560,PF195332,http://www.kopis.or.kr/upload/pfmIntroImage/PF_PF195332_220728_0940120.jpg
561,PF200213,http://www.kopis.or.kr/upload/pfmIntroImage/PF_PF200213_221017_0408540.jpg
562,PF196753,http://www.kopis.or.kr/upload/pfmIntroImage/PF_PF196753_220822_0218390.jpg
563,PF196806,http://www.kopis.or.kr/upload/pfmIntroImage/PF_PF196806_220822_0355532.jpg
564,PF196806,http://www.kopis.or.kr/upload/pfmIntroImage/PF_PF196806_220822_0355531.jpg
565,PF196806,http://www.kopis.or.kr/upload/pfmIntroImage/PF_PF196806_220822_0355530.png
566,PF200462,http://www.kopis.or.kr/upload/pfmIntroImage/PF_PF200462_221020_0349131.png
567,PF200462,http://www.kopis.or.kr/upload/pfmIntroImage/PF_PF200462_221020_0349130.jpg
568,PF200231,http://www.kopis.or.kr/upload/pfmIntroImage/PF_PF200231_221017_0457590.jpg
569,PF198192,http://www.kopis.or.kr/upload/pfmIntroImage/PF_PF198192_220915_0118030.jpg
570,PF200210,http://www.kopis.or.kr/upload/pfmIntroImage/PF_PF200210_221017_0403460.jpg
571,PF199820,http://www.kopis.or.kr/upload/pfmIntroImage/PF_PF199820_221019_1016551.jpg
572,PF197995,http://www.kopis.or.kr/upload/pfmIntroImage/PF_PF197995_220913_0306110.jpg
573,PF200229,http://www.kopis.or.kr/upload/pfmIntroImage/PF_PF200229_221017_0459170.jpg
574,PF200243,http://www.kopis.or.kr/upload/pfmIntroImage/PF_PF200243_221019_1016001.jpg
575,PF196803,http://www.kopis.or.kr/upload/pfmIntroImage/PF_PF196803_220822_0353102.jpg
576,PF196803,http://www.kopis.or.kr/upload/pfmIntroImage/PF_PF196803_220822_0353101.jpg
577,PF196803,http://www.kopis.or.kr/upload/pfmIntroImage/PF_PF196803_220822_0353100.png
578,PF200232,http://www.kopis.or.kr/upload/pfmIntroImage/PF_PF200232_221017_0457240.jpg
579,PF199540,http://www.kopis.or.kr/upload/pfmIntroImage/PF_PF199540_221006_0222100.jpg
580,PF198928,http://www.kopis.or.kr/upload/pfmIntroImage/PF_PF198928_220928_0929580.jpg
581,PF200511,http://www.kopis.or.kr/upload/pfmIntroImage/PF_PF200511_221021_1115141.jpg
582,PF200511,http://www.kopis.or.kr/upload/pfmIntroImage/PF_PF200511_221021_1115140.jpg
583,PF198113,http://www.kopis.or.kr/upload/pfmIntroImage/PF_PF198113_220915_0948160.jpg
584,PF200206,http://www.kopis.or.kr/upload/pfmIntroImage/PF_PF200206_221017_0357170.jpg
585,PF200653,http://www.kopis.or.kr/upload/pfmIntroImage/PF_PF200653_221024_0243361.jpg
586,PF200653,http://www.kopis.or.kr/upload/pfmIntroImage/PF_PF200653_221024_0243360.jpg
587,PF194664,http://www.kopis.or.kr/upload/pfmIntroImage/PF_PF194664_220715_1050331.jpg
588,PF194664,http://www.kopis.or.kr/upload/pfmIntroImage/PF_PF194664_220715_1050330.jpg
589,PF191633,http://www.kopis.or.kr/upload/pfmIntroImage/PF_PF191633_220622_0127351.jpg
590,PF195329,http://www.kopis.or.kr/upload/pfmIntroImage/PF_PF195329_220926_0339401.jpg
591,PF200431,http://www.kopis.or.kr/upload/pfmIntroImage/PF_PF200431_221020_1251321.jpg
592,PF200431,http://www.kopis.or.kr/upload/pfmIntroImage/PF_PF200431_221020_1251320.jpg
593,PF198640,http://www.kopis.or.kr/upload/pfmIntroImage/PF_PF198640_220923_1024270.jpg
594,PF197900,http://www.kopis.or.kr/upload/pfmIntroImage/PF_PF197900_220913_0901502.jpg
595,PF197900,http://www.kopis.or.kr/upload/pfmIntroImage/PF_PF197900_220913_0901501.jpg
596,PF197900,http://www.kopis.or.kr/upload/pfmIntroImage/PF_PF197900_220913_0901500.jpg
597,PF196671,http://www.kopis.or.kr/upload/pfmIntroImage/PF_PF196671_220822_0948180.jpg
598,PF198641,http://www.kopis.or.kr/upload/pfmIntroImage/PF_PF198641_220923_1027010.jpg
599,PF198140,http://www.kopis.or.kr/upload/pfmIntroImage/PF_PF198140_220915_1111040.jpg
600,PF200230,http://www.kopis.or.kr/upload/pfmIntroImage/PF_PF200230_221017_0444120.jpg
601,PF200072,http://www.kopis.or.kr/upload/pfmIntroImage/PF_PF200072_221017_0943390.jpg
602,PF198958,http://www.kopis.or.kr/upload/pfmIntroImage/PF_PF198958_220928_1045010.jpg
603,PF196750,http://www.kopis.or.kr/upload/pfmIntroImage/PF_PF196750_220822_0214110.jpg
604,PF195330,http://www.kopis.or.kr/upload/pfmIntroImage/PF_PF195330_220728_0936140.jpg
605,PF195443,http://www.kopis.or.kr/upload/pfmIntroImage/PF_PF195443_220729_0130430.jpg
606,PF196963,http://www.kopis.or.kr/upload/pfmIntroImage/PF_PF196963_220824_0231230.jpg
607,PF199334,http://www.kopis.or.kr/upload/pfmIntroImage/PF_PF199334_221004_0450250.jpg
608,PF198132,http://www.kopis.or.kr/upload/pfmIntroImage/PF_PF198132_220915_1058160.jpg
609,PF200237,http://www.kopis.or.kr/upload/pfmIntroImage/PF_PF200237_221018_1006371.jpg
610,PF200237,http://www.kopis.or.kr/upload/pfmIntroImage/PF_PF200237_221018_1006370.jpg
611,PF199132,http://www.kopis.or.kr/upload/pfmIntroImage/PF_PF199132_220930_1024371.jpg
612,PF199132,http://www.kopis.or.kr/upload/pfmIntroImage/PF_PF199132_220930_1024370.jpg
613,PF200095,http://www.kopis.or.kr/upload/pfmIntroImage/PF_PF200095_221017_1103150.jpg
614,PF200215,http://www.kopis.or.kr/upload/pfmIntroImage/PF_PF200215_221017_0409120.jpg
615,PF200406,http://www.kopis.or.kr/upload/pfmIntroImage/PF_PF200406_221020_1007331.jpg
616,PF200406,http://www.kopis.or.kr/upload/pfmIntroImage/PF_PF200406_221020_1007330.jpg
617,PF198189,http://www.kopis.or.kr/upload/pfmIntroImage/PF_PF198189_220915_0113150.jpg
618,PF196838,http://www.kopis.or.kr/upload/pfmIntroImage/PF_PF196838_220823_1105130.jpg
619,PF199876,http://www.kopis.or.kr/upload/pfmIntroImage/PF_PF199876_221012_0106340.jpg
620,PF195331,http://www.kopis.or.kr/upload/pfmIntroImage/PF_PF195331_220728_0938090.jpg
621,PF198014,http://www.kopis.or.kr/upload/pfmIntroImage/PF_PF198014_220913_0359300.jpg
